firstName,lastName,schoolName,imageUrl,playerUrl
Nino,Betances,Villanova University,https://d3r15i91mdrm4u.cloudfront.net/images/2025/7/23/Betances__Nino_pIm4q.jpg?width=300,https://villanova.com/sports/football/roster/nino-betances/15240
Gabriel,Souza,Western Connecticut State University,https://westconnathletics.com/images/2025/8/29/Gabriel_Souza.jpg?width=300,https://westconnathletics.com/sports/mens-soccer/roster/gabriel-souza/6475
Kylee,Payne,College of Saint Rose,https://gogoldenknights.com/images/2024/2/6/Payne_Kylee.png?width=146,https://gogoldenknights.com/sports/womens-lacrosse/roster/kylee-payne/10465
Dylan,White,University of Puget Sound,https://loggerathletics.com/images/2025/9/10/202508253877_ATH_FB_Dylan_White__28_by_Alex_Crook-1.jpg?width=300,https://loggerathletics.com/sports/football/roster/dylan-white/10677
Daniel,Atsou,Lycoming College,https://lycomingathletics.com/images/2025/9/2/2025_fb_headshots_edited_atsou_200_9682.jpg?width=300,https://lycomingathletics.com/sports/football/roster/daniel-atsou/23605
Ernesto,Garza,Cleary University,https://clearycougars.com/sports/mwrest/2025-26/bios/IMG_2606_headshot.jpg?max_width=510&max_height=600,https://clearycougars.com/sports/mwrest/2025-26/bios/garza_ernesto_x0kw
Easton,Sheppeard,Arizona Western College,https://awcmatadors.com/sports/mbkb/2025-26/bios/072A9329_headshot.jpg?max_width=510&max_height=600,https://awcmatadors.com/sports/mbkb/2025-26/bios/sheppeard_easton_6cw1
Mason,Ellis,Salisbury University,https://suseagulls.com/images/2025/8/29/MasonEllis_4895-S.jpg?width=300,https://suseagulls.com/sports/mens-golf/roster/mason-ellis/11086
Taylor,Jenkins,Niagara University,https://purpleeagles.com/images/2025/8/21/Headshot_Template_0010_JP200071_JPbsr.jpg?width=300,https://purpleeagles.com/sports/womens-volleyball/roster/taylor-jenkins/9087
Jordan,Booth,Saint Mary-of-the-Woods College,https://smwcathletics.com/images/2025/8/21/Headshots_DSC00738_3fdou.jpg?width=300,https://smwcathletics.com/sports/golf/roster/jordan-booth/3325
Melina,Schrader,University of Dayton,https://daytonflyers.com/images/2025/8/14/4_Melina_Schrader_qhTHA.JPG?width=300,https://daytonflyers.com/sports/womens-volleyball/roster/melina-schrader/15394
Ty,Beck,The Master's University,https://gomustangs.com/images/2025/1/29/Ty_Beck.jpg?width=300,https://gomustangs.com/sports/baseball/roster/ty-beck/2612
Shadrach,Nvodjo,Winthrop University,https://winthropeagles.com/images/2025/12/30/25-26_T_F_headshots_12.jpg?width=300,https://winthropeagles.com/sports/mens-track-and-field/roster/shadrach-nvodjo/7971
Isaiah,Harrison,The College of New Jersey,https://d2o5a1s25yqobm.cloudfront.net/images/2025/8/27/Harrison_0SnJs.jpg?width=300,https://tcnjathletics.com/sports/football/roster/isaiah-harrison/14226
Lylian,Iman,University of Indianapolis,https://athletics.uindy.edu/images/2025/11/7/Iman__Lylian.jpg?width=146,https://athletics.uindy.edu/sports/womens-lacrosse/roster/lylian-iman/15567
Elle,Patterson,Indiana University-Purdue University Indianapolis,https://iuindyjags.com/images/2025/7/24/Patterson__Elle.jpg?width=300,https://iuindyjags.com/sports/womens-volleyball/roster/elle-patterson/8450
Azel,Lunsford,Capital University,https://athletics.capital.edu/images/2025/8/25/CroppedWeb_FB_2025_Lunsford_Azel_hs_2025.jpg?width=300,https://athletics.capital.edu/sports/football/roster/azel-lunsford/7837
Ty,Kauserud,Furman University,https://furmanpaladins.com/images/2025/8/6/KauserudT2025.jpg?width=300,https://furmanpaladins.com/sports/football/roster/ty-kauserud/7764
Nathaniel,Thompson,Reedley College,https://rctigers.com/sports/fball/2025-26/photos/Thompson_Nate_web.jpg?max_width=600&max_height=800,https://rctigers.com/sports/fball/2025-26/bios/thompson_nathaniel_wop0
Shauna,Gamble,Robert Morris University,https://rmucolonials.com/images/2025/8/6/20Gamble.png?width=146,https://rmucolonials.com/sports/womens-soccer/roster/shauna-gamble/10180
Addison,Papagolos,Central Connecticut State University,https://ccsubluedevils.com/sports/wlax/2024-25/photos/0001/Papagolos_Addison_DS9_7878_copy.jpg?max_width=510&max_height=600,https://ccsubluedevils.com/sports/wlax/2024-25/bios/papagolos_addison_723f
Harold,Fernandez,Eastern Connecticut State University,https://gowarriorathletics.com/images/2025/12/11/fernandez-head26-300dpi_5790.jpg?width=146,https://gowarriorathletics.com/sports/baseball/roster/harold-fernandez/6058
Thalia,Benoit,State University of New York at Albany,https://ualbanysports.com/images/2025/9/24/Benoit_Thalia_25-26.JPG?width=300,https://ualbanysports.com/sports/womens-track-and-field/roster/thalia-benoit/11291
Gracie,Rellin,Centenary College (Louisiana),https://www.gocentenary.com/sports/wsoc/2025-26/bios/2025_Gracie_Rellin_IMG_9393.jpg?max_width=510&max_height=600,https://www.gocentenary.com/sports/wsoc/2025-26/bios/rellin_gracie_eica
Gustavo,Bravo,Bryant University,https://bryantbulldogs.com/images/2025/8/26/Bravo_8734_-_Cropped.png?width=300,https://bryantbulldogs.com/sports/football/roster/gustavo-bravo/18243
Jacob,McGhee,Lincoln University (Missouri),https://d2ql8rvuol0tgx.cloudfront.net/images/2025/9/11/McGhee__Jacob.jpg?width=300,https://lubluetigers.com/sports/football/roster/jacob-mcghee/4253
Dontarris,Wesby,Cleary University,https://clearycougars.com/sports/mwrest/2025-26/bios/IMG_2593_headshot.jpg?max_width=510&max_height=600,https://clearycougars.com/sports/mwrest/2025-26/bios/wesby_dontarris_zpc9
Jared,Moore,Arkansas State University,https://astateredwolves.com/images/2025/9/30/Jared_Moore_JZHfe.jpg?width=300,https://astateredwolves.com/sports/track-and-field/roster/jared-moore/7874
Anthony,Guglielmo,Florida Southern College,https://fscmocs.com/images/2025/1/22/Guglielmo_Anthony_XuoQR.png?width=300,https://fscmocs.com/sports/mens-lacrosse/roster/anthony-guglielmo/7194
Emily,Jones,University of Wisconsin-Green Bay,https://greenbayphoenix.com/images/2025/9/5/Emily_Jones.JPG?width=100,https://greenbayphoenix.com/sports/softball/roster/emily-jones/5067
Kantrel,Smith,University of the Cumberlands,https://cumberlandspatriots.com/images/2025/8/28/Smith__Kantrel.jpg?width=146,https://cumberlandspatriots.com/sports/football/roster/kantrel-smith/20311
Evan,Atkin,"University of Colorado, Colorado Springs",https://gomountainlions.com/images/2025/11/3/Evan_Atkin.jpg?width=300,https://gomountainlions.com/sports/mens-track-and-field/roster/evan-atkin/7367
Jason,Barket,Morehead State University,https://msueagles.com/images/2025/8/5/Barket_Jason.jpg?width=300,https://msueagles.com/sports/football/roster/jason-barket/8593
Jeremy,Giesegh,"California State University, San Bernardino",https://csusbathletics.com/images/2024/1/2/Coyote.jpg?width=300,https://csusbathletics.com/sports/baseball/roster/jeremy-giesegh/4727
Ronaldo,Barnett,Middle Georgia State University,https://mgaknights.com/images/2025/8/11/_7_Ronaldo_Barnett.JPG?width=300,https://mgaknights.com/sports/mens-soccer/roster/ronaldo-barnett/1601
Peyton,Greenwood,Governors State University,https://governorssu.prestosports.com/sports/wbkb/2025-26/bios/202526JVNo0WBB.jpg?max_width=510&max_height=600,https://governorssu.prestosports.com/sports/wbkb/2025-26/bios/greenwood_peyton_ra4i
Arthur,Chavez,"California State University, San Bernardino",https://csusbathletics.com/images/2024/1/2/Coyote.jpg?width=300,https://csusbathletics.com/sports/baseball/roster/arthur-chavez/4738
Javion,Lane,Clark Atlanta University,https://clarkatlantasports.com/images/2025/9/16/Javion_Lane.jpg?width=300,https://clarkatlantasports.com/sports/mens-cross-country/roster/javion-lane/3433
Sania,Dearing,Ohio University,https://ohiobobcats.com/images/2025/8/4/Dearing_Sania.jpg?width=300,https://ohiobobcats.com/sports/wsoc/roster/sania-dearing/5649
Julian,Bush,University of Saint Mary,https://gospires.com/images/2025/8/21/Julian_Bush.JPG?width=300,https://gospires.com/sports/football/roster/julian-bush/9144
Imran,Okedeyi,Lycoming College,https://lycomingathletics.com/images/2025/9/2/2025_fb_headshots_edited_okedeyi_200_9434-Edit.jpg?width=300,https://lycomingathletics.com/sports/football/roster/imran-okedeyi/23644
Maia,Soulis,Ohio University,https://ohiobobcats.com/images/2025/8/5/Soulis_Maia.jpg?width=300,https://ohiobobcats.com/sports/wsoc/roster/maia-soulis/5664
Michael,Fayiah,Concord University,https://cumountainlions.com/images/2025/8/18/1U2A2129.jpg?width=300,https://cumountainlions.com/sports/mens-soccer/roster/michael-fayiah/9667
Audrey,Abel,Grace College,https://gclancers.com/images/2025/8/11/Audrey_Abel.JPG?width=146,https://gclancers.com/sports/womens-soccer/roster/audrey-abel/5485
Spencer,Cox,Navarro College,https://navarrobulldogs.com/images/2025/9/4/Spencer_Cox.jpg?width=300,https://navarrobulldogs.com/sports/baseball/roster/spencer-cox/1740
Michael,Barretto,Nebraska Wesleyan University,https://nwusports.com/images/2025/11/3/8B6A9627.jpg?width=300,https://nwusports.com/sports/wrestling/roster/michael-barretto/10440
Ella,Whitaker,Northwest University,https://nueagles.com/images/2025/11/4/251027WomensBasketballMediaDay-6350_5FiwY.jpg?width=300,https://nueagles.com/sports/womens-basketball/roster/ella-whitaker/2654
Adel,Hoglund,Siena Heights University,https://shusaints.com/sports/flagfball/2025-26/photos/headshots/Hoglund-Adel.jpg?max_width=600&max_height=800,https://shusaints.com/sports/flagfball/2025-26/bios/hoglund_adel_h2v0
Octavio,Singh,Concordia University Wisconsin,https://cuwfalcons.com/images/2025/12/1/Singh__Octavio.JPG?width=300,https://cuwfalcons.com/sports/wrestling/roster/octavio-singh/13692
Zion,Howell,Wofford College,https://woffordterriers.com/images/2025/11/11/2025_MTrack_HS_WEB_Howell_Zion_2025.jpg?width=300,https://woffordterriers.com/sports/mens-track-and-field/roster/zion-howell/9554
Alivia,Lilly,Marian University,https://muknights.com/images/2025/12/2/Alivia_Lilly_TF25_Ih2xN.JPG?width=300,https://muknights.com/sports/womens-track-and-field/roster/alivia-lilly/13614
Deuce,Roberson,Northeastern State University,https://goriverhawksgo.com/images/2025/8/12/Headshot_Crops_100-Deuce_Roberson.jpg?width=146,https://goriverhawksgo.com/sports/football/roster/deuce-roberson/6887
Andre,Bigham,Virginia State University,https://govsutrojans.com/images/2025/1/21/LAX-10.jpg?width=300,https://govsutrojans.com/sports/mens-lacrosse/roster/andre-bigham/5671
Jason,Louiso,Wilmington College (Ohio),https://wilmingtonquakers.com/images/2025/10/23/Edited_Head_Shots_Louiso_Jason.png?width=300,https://wilmingtonquakers.com/sports/wrestling/roster/jason-louiso/8298
Jozef,Palushaj,Lindenwood University,https://lindenwoodlions.com/images/2025/8/7/Jozef_Palushj.jpg?width=300,https://lindenwoodlions.com/sports/mens-soccer/roster/jozef-palushaj/28632
Marquis,Bates,Iowa Lakes Community College,https://iowalakesathletics.com/images/setup/headshot_default.jpg?max_width=600&max_height=800,https://iowalakesathletics.com/sports/wrest/2025-26/bios/bates_marquis_gju4
Ashlyn,Kahre,Guilford College,https://guilfordquakers.com/images/2025/8/18/WSOC25_KAHRE_ASHLYN.jpg?width=300,https://guilfordquakers.com/sports/womens-soccer/roster/ashlyn-kahre/17446
Allie,Mouch,Ohio University,https://ohiobobcats.com/images/2025/8/5/Mouch_Allie.jpg?width=300,https://ohiobobcats.com/sports/wsoc/roster/allie-mouch/5657
Amoryan,Ferguson,Concord University,https://cumountainlions.com/images/2025/8/29/White___Resized_Amoryan_Ferguson.jpg?width=300,https://cumountainlions.com/sports/football/roster/amoryan-ferguson/9607
Deverious,Abercrombie,Presbyterian College,https://gobluehose.com/images/2025/8/20/Abercrombie_XnATp.png?width=146,https://gobluehose.com/sports/football/roster/deverious-abercrombie/7607
Joseph,Hasan,Albany State University (Georgia),https://asugoldenrams.com/images/2025/8/27/Joseph_Hasan.JPG?width=146,https://asugoldenrams.com/sports/football/roster/joseph-hasan/4293
Ty,Long,Rose-Hulman Institute of Technology,https://athletics.rose-hulman.edu/images/2025/8/18/MSoc_Ty_Long_2025_621kv.jpg?width=300,https://athletics.rose-hulman.edu/sports/mens-soccer/roster/ty-long/16229
Addison,Laughlin,Coastal Carolina University,https://goccusports.com/images/2025/8/19/LAUGHLIN_ADDY.jpg?width=300,https://goccusports.com/sports/track-and-field/roster/addison-laughlin/20884
Brady,Beko,Southern Alberta Institute of Technology,https://www.saittrojans.com/sports/mvball/54884591834_35266716e3_k.jpg?max_width=510&max_height=600,https://www.saittrojans.com/sports/mvball/2025-26/bios/beko_brady_snhw
Kayden,Chick,Ottawa University Arizona,https://ouazspirit.com/images/2025/9/22/Chick_Kayden.png?width=146,https://ouazspirit.com/sports/track-and-field/roster/kayden-chick/6570
Dylan,DePriest,LaGrange College,https://lagrangepanthers.com/images/2025/8/28/Boys_Soccer_Cropped-13.jpg?width=300,https://lagrangepanthers.com/sports/mens-soccer/roster/dylan-depriest/6307
Dalton,Hall,West Virginia State University,https://wvsuyellowjackets.com/images/2025/9/3/FB25-65-Hall.jpg?width=300,https://wvsuyellowjackets.com/sports/football/roster/dalton-hall/4467
Gehrig,Slunaker,Georgetown College,https://georgetowncollege.prestosports.com/sports/fball/2025-26/photos/0001/Slunaker-_Gehrig_2526_ad_hoc.jpg?max_width=510&max_height=600,https://georgetowncollege.prestosports.com/sports/fball/2025-26/bios/slunaker_gehrig_uy8j
Krista,Mazariegos,Central Connecticut State University,https://ccsubluedevils.com/sports/wlax/2024-25/photos/0001/Mazariegos_Krista_DS9_7836_copy.jpg?max_width=510&max_height=600,https://ccsubluedevils.com/sports/wlax/2024-25/bios/mazariegos_krista_2j7s
Drew,Rankin,Wayne State University (Michigan),https://wsuathletics.com/images/2025/6/26/Headshot_FB_Rankin_Drew_25-Cropped.jpg?width=146,https://wsuathletics.com/sports/football/roster/drew-rankin/13564
Hailey,Brown,Big Bend Community College,https://bbccvikings.com/sports/wwrest/2025-26/photos/0001/DSC02899-1-.jpg?max_width=510&max_height=600,https://bbccvikings.com/sports/wwrest/2025-26/bios/brown_hailey_rl73
Jordan,Williams,Lycoming College,https://lycomingathletics.com/images/2025/9/2/2025_fb_headshots_edited_williams_200_9690.jpg?width=300,https://lycomingathletics.com/sports/football/roster/jordan-williams/23714
Natalie,Ziebell,Lakeland University,https://lakelandmuskies.com/images/2024/10/17/Ziebell.jpg?width=300,https://lakelandmuskies.com/sports/softball/roster/natalie-ziebell/11063
Brenden,Aenis,Calvin University,https://calvinknights.com/images/2025/8/15/Aenis__Bendan.jpg?width=300,https://calvinknights.com/sports/football/roster/brenden-aenis/7124
Cavon,Reid,University of North Carolina at Pembroke,https://uncpbraves.com/images/2025/8/12/Reid_Cavon.jpg?width=300,https://uncpbraves.com/sports/football/roster/cavon-reid/14083
Tyquan,Harney,Elon University,https://elonphoenix.com/images/2024/8/24/84_TyQuan_Harney_WEB.jpg?width=146,https://elonphoenix.com/sports/football/roster/tyquan-harney/10810
Thomas,Perez,Temple College (TX),https://tcleopards.com/sports/bsb/2024-25/bios/54286014173_65098dde13_o.jpg?max_width=600&max_height=800,https://tcleopards.com/sports/bsb/2025-26/bios/perez_thomas_wbnk
Christion,Washington,"Southern University, Baton Rouge",https://gojagsports.com/images/2025/12/14/Christon_Washington.jpg?width=146,https://gojagsports.com/sports/track-and-field/roster/christion-washington/4880
Nizaiah,Carr,Marian University,https://muknights.com/images/2025/12/2/Nizaiah_Carr_TF25_3EaPn.JPG?width=300,https://muknights.com/sports/mens-track-and-field/roster/nizaiah-carr/13686
Sam,Arbaugh,St. Lawrence University,https://saintsathletics.com/images/2025/8/27/68.jpg?width=300,https://saintsathletics.com/sports/football/roster/sam-arbaugh/19445
Sarah,Moite,"California State University, San Bernardino",https://csusbathletics.com/images/2025/1/15/Moite_HS.jpg?width=300,https://csusbathletics.com/sports/softball/roster/sarah-moite/4405
Dylan,Mayhew,University of Indianapolis,https://athletics.uindy.edu/images/2025/2/6/Meyhew__Dylan.jpg?width=146,https://athletics.uindy.edu/sports/track-and-field/roster/dylan-mayhew/15620
Gavin,McLean,College of the Siskiyous,https://coseagles.com/sports/mbkb/2025-26/photos/0001/090A6308_-1-.jpg?max_width=510&max_height=600,https://coseagles.com/sports/mbkb/2025-26/bios/mclean_gavin_kpzb
Camden,Franjieh,California Lutheran University,https://clusports.com/images/2025/10/15/franijeh_camden_25.JPG?width=300,https://clusports.com/sports/mens-volleyball/roster/camden-franjieh/8305
Zion,Lawson,Georgia State University,https://d1qdi747ml35tg.cloudfront.net/images/2025/7/8/Lawson_Zion_cropped_2025_ol9IM.jpg?width=300,https://georgiastatesports.com/sports/football/roster/zion-lawson/7873
Sean,Robertson,Merrimack College,https://merrimackathletics.com/images/2025/8/26/Robertston-.jpg?width=300,https://merrimackathletics.com/sports/football/roster/sean-robertson/14532
Charlotte,Waldemar,Christopher Newport University,https://www.cnusports.com/images/2025/11/12/Charlotte-Waldemar.jpg?width=300,https://www.cnusports.com/sports/womens-track-and-field/roster/charlotte-waldemar/20892
Sowande,Mcwhite,West Virginia State University,https://wvsuyellowjackets.com/images/2025/9/3/FB25-71-McWhite.jpg?width=300,https://wvsuyellowjackets.com/sports/football/roster/sowande-mcwhite/4485
Robbie,Fisher,Nebraska Wesleyan University,https://nwusports.com/images/2025/11/3/8B6A9612.jpg?width=300,https://nwusports.com/sports/wrestling/roster/robbie-fisher/10448
Lloyd,French,"California State University, Stanislaus",https://warriorathletics.com/images/2025/10/11/french_t3yCs.png?width=300,https://warriorathletics.com/sports/mens-basketball/roster/lloyd-french/8523
Yasmine,Morgan,Frank Phillips College,https://plainsmensports.com/images/morgan_new_pic_.jpg?max_width=510&max_height=600,https://plainsmensports.com/sports/sball/2025-26/bios/morgan_yasmine_9isz
Kellan,Hudson,Winthrop University,https://winthropeagles.com/images/2025/10/9/25-26_WLAX_Headshots_26.jpg?width=300,https://winthropeagles.com/sports/womens-lacrosse/roster/kellan-hudson/7909
Adrian,Wynn,Western Illinois University,https://goleathernecks.com/images/2024/8/8/Adrian_Wynn.jpg?width=300,https://goleathernecks.com/sports/football/roster/adrian-wynn/21895
Greyson,Ervin,Tusculum University,https://www.tusculumpioneers.com/images/setup/headshot_default.jpg?max_width=600&max_height=800,https://www.tusculumpioneers.com/sports/mvball/2025-26/bios/ervin_greyson_4bhg
Nebi,Young,Columbia College (South Carolina),https://www.gokoalas.com/sports/mtrack-out/2025-26/nebi_ad_hoc.jpg?max_width=510&max_height=600,https://www.gokoalas.com/sports/mtrack-out/2025-26/Bios/young_nebi_yghn
Carson,Hein,Grand Valley State University,https://gvsulakers.com/images/2025/8/4/Hein__Carson.jpg?width=146,https://gvsulakers.com/sports/football/roster/carson-hein/17404
Jada,Covington,Brenau University,https://brenautigers.com/sports/wbkb/2025-26/bios/BU109905_081725_Athletics_Headshots_SC_036_ad_hoc.jpg?max_width=510&max_height=600,https://brenautigers.com/sports/wtrack-out/2025-26/Bios/covington_jada_77dj
Larry,Norrington,Iowa Lakes Community College,https://iowalakesathletics.com/sports/wrest/2024-25/photos/2024-10-10_ILLC_Fall9146.jpg?max_width=600&max_height=800,https://iowalakesathletics.com/sports/wrest/2025-26/bios/norrington_larry_8hno
Colson,Knott,Wofford College,https://woffordterriers.com/images/2025/11/11/2025_MTrack_HS_WEB_Knott_Colson_2025.jpg?width=300,https://woffordterriers.com/sports/mens-track-and-field/roster/colson-knott/9539
Isabella,Minervini,Towson University,https://towsontigers.com/images/2025/9/26/Isabella_Minervini.jpg?width=300,https://towsontigers.com/sports/womens-gymnastics/roster/isabella-minervini/24586
Arron,Finott,Kentucky State University,https://ksuthorobreds.com/images/2025/8/12/2025_Headshots_Arron_Finott.jpg?width=146,https://ksuthorobreds.com/sports/football/roster/arron-finott/5735
Adriana,Milanez,Northwest University,https://nueagles.com/images/2025/11/4/251027WomensBasketballMediaDay-6354_VriDd.jpg?width=300,https://nueagles.com/sports/womens-basketball/roster/adriana-milanez/2650
LeShaun,Bennett II,Madonna University,https://mucrusaders.com/images/2025/8/12/LBennett.png?width=300,https://mucrusaders.com/sports/football/roster/leshaun-bennett-ii/9401
Jason,Campbell,Guilford College,https://guilfordquakers.com/images/2025/1/24/MLAX25_Campbell_Jason.png?width=300,https://guilfordquakers.com/sports/mens-lacrosse/roster/jason-campbell/17318
Zack,Peters,Cleary University,https://clearycougars.com/sports/mwrest/2025-26/bios/IMG_2582_headshot.jpg?max_width=510&max_height=600,https://clearycougars.com/sports/mwrest/2025-26/bios/peters_zack_c1cz
Brandon,Alston,University of Maryland Eastern Shore,https://umeshawksports.com/images/2025/12/10/BrandonAlston_4304.jpg?width=300,https://umeshawksports.com/sports/mens-indoor-track/roster/brandon-alston/6395
Brayden,Lane,Tiffin University,https://gotiffindragons.com/images/2025/9/4/Brayden_Lane.JPG?width=300,https://gotiffindragons.com/sports/football/roster/brayden-lane/11906
Keith,Frazier,Capital University,https://athletics.capital.edu/images/2025/8/25/CroppedWeb_FB_2025_Frazier_Keith_hs_2025.jpg?width=300,https://athletics.capital.edu/sports/football/roster/keith-frazier/7823
Daniel,Powell,Kennesaw State University,https://ksuowls.com/images/2024/11/22/KSU_BASEBALL_HS-56.jpg?width=300,https://ksuowls.com/sports/baseball/roster/daniel-powell/13630
Reagan,Jones,Fisk University,https://fiskathletics.com/general/2025-26/photos/Reagan_ad_hoc.jpg?max_width=510&max_height=600,https://fiskathletics.com/sports/wvball/2025-26/bios/jones_reagan_28k4
Michael,Brescia III,Nichols College,https://nicholsathletics.com/images/2025/8/20/52_BresciaIII.png?width=300,https://nicholsathletics.com/sports/football/roster/michael-brescia-iii/12075
Jadon,Lewis,Concordia University Wisconsin,https://cuwfalcons.com/images/2025/8/25/Lewis__Jadon.JPG?width=300,https://cuwfalcons.com/sports/football/roster/jadon-lewis/13578
Khanyla,Hooten,Trinity Valley Community College,https://tvccsports.com/sports/wbkb/2025-26/photos/30_Khanyla_Hooten.jpg?max_width=600&max_height=800,https://tvccsports.com/sports/wbkb/2025-26/bios/hooten_khanyla_uon9
Malachi,Butler,Northeastern State University,https://goriverhawksgo.com/images/2025/8/12/Headshot_Crops_49-Malachi_Butler.jpg?width=146,https://goriverhawksgo.com/sports/football/roster/malachi-butler/6907
Evelyn,Miller,Loyola University Chicago,https://d2h9rpscrkfck0.cloudfront.net/images/2025/12/17/Evelyn_Miller.jpg?width=300,https://loyolaramblers.com/sports/softball/roster/evelyn-miller/3100
Godwin,Edeh,Lycoming College,https://lycomingathletics.com/images/2025/9/2/2025_fb_headshots_edited_edeh_200_9571.jpg?width=300,https://lycomingathletics.com/sports/football/roster/godwin-edeh/23618
Julie,Smith,Indiana University-Purdue University Indianapolis,https://iuindyjags.com/images/2025/8/21/smith-julie-headshot-202526-1.jpg?width=300,https://iuindyjags.com/sports/womens-cross-country/roster/julie-smith/8472
Demetri,Bose,Campbellsville University,https://campbellsvilletigers.com/images/2025/8/19/Demetri_Bose.JPG?width=146,https://campbellsvilletigers.com/sports/football/roster/demetri-bose/20004
Carmello,Bostwick,University of Health Sciences and Pharmacy in St. Louis,https://eutecticsports.com/sports/mbkb/2025-26/bios/Carmello_Bostwick.png?max_width=510&max_height=600,https://eutecticsports.com/sports/mbkb/2025-26/bios/bostwick_carmello_1x2f
TaylorLee,Goebel,University of St. Thomas (Texas),https://ustcelts.com/images/2025/9/20/DSC08437.JPG?width=300,https://ustcelts.com/sports/mens-swimming-and-diving/roster/taylorlee-goebel/2832
Dawson,Debebe,Lycoming College,https://lycomingathletics.com/images/2025/9/2/2025_fb_headshots_edited_debebe_dawson_200_9547.jpg?width=300,https://lycomingathletics.com/sports/football/roster/dawson-debebe/23617
Collin,Stockero,The University of Olivet,https://olivetcomets.com/sports/fball/2025-26/photos/0001/hs_Collin_Stockero.jpg?max_width=510&max_height=600,https://olivetcomets.com/sports/fball/2025-26/bios/stockero_collin_6sq3
Paeton,Kringel,University of Wisconsin-Green Bay,https://greenbayphoenix.com/images/2025/9/5/Paeton_Kringel.JPG?width=100,https://greenbayphoenix.com/sports/softball/roster/paeton-kringel/5070
Isabella,Carlson,Blue Mountain Christian University,https://bmcusports.com/images/2025/10/10/Isabella_Carlson_WBB_Headshot_2025.JPG?width=300,https://bmcusports.com/sports/womens-basketball/roster/isabella-carlson/4020
Lukas,Donahue,Merrimack College,https://merrimackathletics.com/images/2024/8/16/Donahue.png?width=300,https://merrimackathletics.com/sports/football/roster/lukas-donahue/14493
Khalil,Johnson,Lycoming College,https://lycomingathletics.com/images/2025/9/2/2025_fb_headshots_edited_johnson_200_9686.jpg?width=300,https://lycomingathletics.com/sports/football/roster/khalil-johnson/23634
Livi,Grecco,Pepperdine University,https://daitadul56i2n.cloudfront.net/images/2025/10/17/grecco.png?width=300,https://pepperdinewaves.com/sports/track-and-field/roster/livi-grecco/5752
Julius,Hiley,University of Wisconsin-Oshkosh,https://uwoshkoshtitans.com/images/2025/9/3/HileyJulius-2025.jpg?width=300,https://uwoshkoshtitans.com/sports/football/roster/julius-hiley/7447
Celia,Trotter,Towson University,https://towsontigers.com/images/2025/9/26/Celia_Trotter.jpg?width=300,https://towsontigers.com/sports/womens-gymnastics/roster/celia-trotter/24590
Tevin,Dietz,Valley City State University,https://vcsuvikings.com/images/2025/11/3/Tevin_Dietz.jpg?width=300,https://vcsuvikings.com/sports/mens-basketball/roster/tevin-dietz/5062
Julianna,Becerra,Nova Southeastern University,https://nsusharks.com/images/2025/9/17/Julianna_Becerra_MFYlr.jpg?width=300,https://nsusharks.com/sports/womens-rowing/roster/julianna-becerra/7790
Ej,Hargrave,North Park University,https://athletics.northpark.edu/images/2025/8/14/HEAD-109.jpg?width=300,https://athletics.northpark.edu/sports/football/roster/ej-hargrave/6662
Chloe,Macias,Indiana University-Purdue University Indianapolis,https://iuindyjags.com/images/2025/7/24/Macias__Chloe.jpg?width=300,https://iuindyjags.com/sports/womens-volleyball/roster/chloe-macias/8461
Jaeden,Warner,Bowie State University,https://bsubulldogs.com/images/2023/12/9/Jaeden_Warner.jpg?width=300,https://bsubulldogs.com/sports/mens-track-and-field/roster/jaeden-warner/8172
Chase,Birdsall,SUNY ESF,https://esfathletics.com/sports/msoc/2025-26/photos/0001/Chase_Birdsall.jpg?max_width=510&max_height=600,https://esfathletics.com/sports/msoc/2025-26/bios/birdsall_chase_7re4
Jordan,Smith,"California State University, Stanislaus",https://warriorathletics.com/images/2025/10/11/smith_UM8zN.png?width=300,https://warriorathletics.com/sports/mens-basketball/roster/jordan-smith/8528
Carson,Brundige,West Liberty University,https://hilltoppersports.com/images/2022/7/26/Headshot_template.png?width=300,https://hilltoppersports.com/sports/mens-track-and-field/roster/carson-brundige/8406
Camden,Hawkins,Tarleton State University,https://tarletonsports.com/images/2025/11/20/Camden_Hawkins.png?width=300,https://tarletonsports.com/sports/track-and-field/roster/camden-hawkins/12205
Bryan,Bedolla,University of Wisconsin-Oshkosh,https://uwoshkoshtitans.com/images/2025/9/3/BedollaBryan2025_gUB8u.jpg?width=300,https://uwoshkoshtitans.com/sports/football/roster/bryan-bedolla/7271
Denzel,Alexandre-louis,Shorter University,https://goshorterhawks.com/images/2025/8/11/Denzel_Alexandre.jpg?width=300,https://goshorterhawks.com/sports/football/roster/denzel-alexandre-louis/10017
Chase,Schefke,Grand Valley State University,https://gvsulakers.com/images/2025/8/4/Schefke__Chase.jpg?width=146,https://gvsulakers.com/sports/football/roster/chase-schefke/17422
Grace,Conlin,Central Connecticut State University,https://ccsubluedevils.com/sports/wlax/2024-25/photos/0001/Conlin_Grace_DS9_7852_copy.jpg?max_width=510&max_height=600,https://ccsubluedevils.com/sports/wlax/2024-25/bios/conlin_grace_q88o
Guymike,Paraison,Molloy University,https://molloylions.com/images/2025/10/2/Guymike_Paraison_PH70C.png?width=146,https://molloylions.com/sports/mens-track-and-field/roster/guymike-paraison/7739
Isam,Banajah,Bowie State University,https://bsubulldogs.com/images/2023/12/9/Isam_B.jpg?width=300,https://bsubulldogs.com/sports/mens-track-and-field/roster/isam-banajah/8144
Kevin,Marcus,Westminster College (Pennsylvania),https://athletics.westminster.edu/images/2025/8/26/kevin-marcus-25-fb-hs.jpg?width=300,https://athletics.westminster.edu/sports/football/roster/kevin-marcus/13693
Nathan,Patterson,University of Central Oklahoma,https://bronchosports.com/images/2025/11/21/PATTERSON_NATHAN.JPG?width=300,https://bronchosports.com/sports/baseball/roster/nathan-patterson/12259
Taelen,Laird,Emporia State University,https://esuhornets.com/images/2025/8/5/Laird__Taelen.JPG?width=300,https://esuhornets.com/sports/football/roster/taelen-laird/6746
Andrew,Wright,Southwestern Christian University,https://scueagles.com/images/2025/10/6/AndrewWright.jpg?width=146,https://scueagles.com/sports/mens-basketball/roster/andrew-wright/5664
Aubrey,Eaton,University of Portland,https://portlandpilots.com/images/2025/9/3/Eaton_Aubrey_25.png?width=300,https://portlandpilots.com/sports/womens-track-and-field/roster/aubrey-eaton/9532
Matthews,Rocha,Western Connecticut State University,https://westconnathletics.com/images/2025/8/29/Matthew_Rocha.jpg?width=300,https://westconnathletics.com/sports/mens-soccer/roster/matthews-rocha/6472
Juni,Rodriguez,Mt. San Jacinto College,https://msjcathletics.com/sports/bsb/2024-25/bios/MSJCHST-001400668.png?max_width=600&max_height=800,https://msjcathletics.com/sports/bsb/2024-25/bios/rodriguez_juni_qvkx
Jason,Davis,Culver-Stockton College,https://cscwildcats.com/sports/fball/2025-26/photos/0001/Jason_Davis.jpg?max_width=510&max_height=600,https://cscwildcats.com/sports/fball/2025-26/bios/davis_jason_qkad
Avion,Phillips,Baker University,https://bakerwildcats.com/sports/fball/2025-26/bios/Avion_Phillips_-_Web.jpg?max_width=510&max_height=600,https://bakerwildcats.com/sports/fball/2025-26/bios/phillips_avion_t4t8
Jeremiah,Johnson,Virginia Commonwealth University,https://vcuathletics.com/images/2025/10/14/Johnson-Jeremiah.png?width=300,https://vcuathletics.com/sports/mens-track-and-field/roster/jeremiah-johnson/6725
Anthony,Feltrinelli,Valparaiso University,https://valpoathletics.com/images/2025/8/13/Anthony_Feltrinelli.jpg?width=300,https://valpoathletics.com/sports/football/roster/anthony-feltrinelli/10493
Aaron,Young,Austin Peay State University,https://letsgopeay.com/images/2025/7/31/Young_Aaron_APSU25.jpg?width=300,https://letsgopeay.com/sports/football/roster/aaron-young/11337
Jeremi,Lara,Brewton-Parker College,https://bpcuathletics.com/images/2025/1/30/baseballlara.jpg?width=300,https://bpcuathletics.com/sports/baseball/roster/jeremi-lara/5267
Eric,Rivera,Ventura College,https://vcweplayhard.com/sports/fball/2025-26/bios/21-Eric-Rivera.JPG?max_width=510&max_height=600,https://vcweplayhard.com/sports/fball/2025-26/bios/rivera_eric_kjm7
Devin,Garcia,Lycoming College,https://lycomingathletics.com/images/2025/9/2/2025_fb_headshots_edited_garcia_200_9610.jpg?width=300,https://lycomingathletics.com/sports/football/roster/devin-garcia/23623
Braxton,Bartz,Bryant University,https://bryantbulldogs.com/images/2025/7/29/Bartz-08492_-_Cropped.png?width=300,https://bryantbulldogs.com/sports/football/roster/braxton-bartz/18240
Trevor,Bywater,Allen University,https://auyellowjackets.com/images/2025/8/22/32TrevorBywaterHeadshots.png.png?width=300,https://auyellowjackets.com/sports/football/roster/trevor-bywater/2140
Dreshaun,Johnson,Grand Valley State University,https://gvsulakers.com/images/2025/8/4/Johnson__Dreshaun.jpg?width=146,https://gvsulakers.com/sports/football/roster/dreshaun-johnson/17407
Brody,Morrison,Tusculum University,https://www.tusculumpioneers.com/images/setup/headshot_default.jpg?max_width=600&max_height=800,https://www.tusculumpioneers.com/sports/mvball/2025-26/bios/morrison_brody_75dv
Jacob,Mullis,Loyola University New Orleans,https://loyolawolfpack.com/images/2025/9/2/Jacob_Mullis_UShEm.jpg?width=300,https://loyolawolfpack.com/sports/mens-cross-country/roster/jacob-mullis/4450
Jamilia,Duffus,University of Alaska Anchorage,https://goseawolves.com/images/2025/8/26/DuffusJamilia-UAAGYM26_copy.jpg?width=300,https://goseawolves.com/sports/womens-gymnastics/roster/jamilia-duffus/7591
Marie,Smith,Centenary College (Louisiana),https://www.gocentenary.com/sports/wsoc/2025-26/bios/2025_IMG_8986.jpg?max_width=510&max_height=600,https://www.gocentenary.com/sports/wsoc/2025-26/bios/smith_marie_h5bt
Adam,Agyemang,Knox College,https://prairiefire.knox.edu/images/2025/9/3/Agyemang_Adam_25_SD.jpg?width=300,https://prairiefire.knox.edu/sports/football/roster/adam-agyemang/8020
Noah,Fichter,Midway University,https://gomidwayeagles.com/images/2025/1/28/Fichter_Noah_086-0055A--Edit.jpg?width=300,https://gomidwayeagles.com/sports/mens-volleyball/roster/noah-fichter/5865
Emma,Eckert,Penn State Fayette,https://www.psfathletics.com/sports/wvball/2025-26/photos/DSC04942-1-.jpg?max_width=510&max_height=600,https://www.psfathletics.com/sports/wvball/2025-26/bios/eckert_emma_nc2v
Audrey,Taylor,Northern Arizona University,https://nauathletics.com/images/2025/10/24/Taylor-HS-2526.png?width=300,https://nauathletics.com/sports/womens-basketball/roster/audrey-taylor/7433
Maryn,Jordan,Howard University,https://hubison.com/images/2025/1/29/Maryn-Jordan.jpg?width=300,https://hubison.com/sports/softball/roster/maryn-jordan/9255
Erin,Ha,Yale University,https://d3mojdi32uv7q.cloudfront.net/images/2025/8/26/Erin_Ha_K5M9s.jpg?width=300,https://yalebulldogs.com/sports/womens-tennis/roster/erin-ha/21663
Nayo,Lear,University of Dayton,https://daytonflyers.com/images/2025/10/15/Lear_head_shot_25-26_bqBoL.jpg?width=300,https://daytonflyers.com/sports/womens-basketball/roster/nayo-lear/15454
Jackson,Contreras,Carthage College,https://athletics.carthage.edu/images/2025/10/21/Jackson_Contreras.jpg?width=300,https://athletics.carthage.edu/sports/mens-soccer/roster/jackson-contreras/16828
Jude,Carlton,Youngstown State University,https://ysusports.com/images/2025/9/18/Swim_HS_Cropped_Carlton_Jude_1_copy.jpg?width=146,https://ysusports.com/sports/swim/roster/jude-carlton/8168
Malik,Blunt,Southeastern University,https://fire.seu.edu/images/2025/10/31/MalikBlunt.jpg?width=300,https://fire.seu.edu/sports/mens-track-field/roster/malik-blunt/7093
Kylan,Wallace,Missouri Valley College,https://valleywillroll.com/sports/fball/2025-26/photos/35.jpg?max_width=510&max_height=600,https://valleywillroll.com/sports/fball/2025-26/bios/wallace_kylan_spui
Kierstin,Ashby,New Jersey Institute of Technology,https://njithighlanders.com/images/2025/11/20/Kierstin_Ashby.jpg?width=300,https://njithighlanders.com/sports/womens-track-and-field/roster/kierstin-ashby/9217
Alyssa,Cadavid,Radford University,https://radfordathletics.com/images/2025/7/22/Cadavid__Alyssa_020A4422-Crop.jpg?width=146,https://radfordathletics.com/sports/womens-volleyball/roster/alyssa-cadavid/9206
Blake,Allen,Robert Morris University,https://rmucolonials.com/images/2025/8/29/40.Allen.jpg?width=146,https://rmucolonials.com/sports/football/roster/blake-allen/10317
Addi,Sebren,Portland State University,https://goviks.com/images/2025/8/13/20250804-DSC00047-2.jpg?width=300,https://goviks.com/sports/womens-soccer/roster/addi-sebren/6634
Elena,Kossler,St. Mary's University (Texas),https://rattlerathletics.com/images/2025/8/18/Kossler_Elena_25WS.jpg?width=100,https://rattlerathletics.com/sports/womens-soccer/roster/elena-kossler/4165
Justus,Haseley,North Idaho College,https://nicathletics.com/sports/mbkb/2025-26/photos/0002/Justice.jpg?max_width=510&max_height=600,https://nicathletics.com/sports/mbkb/2025-26/bios/haseley_justus_3qlt
Cheyanne,Whitfield,"California State University, Monterey Bay",https://otterathletics.com/images/2025/11/6/Website___Roster_whitfield-cheyanne_-wbb-cd-101725-141.jpg?width=300,https://otterathletics.com/sports/womens-basketball/roster/cheyanne-whitfield/6302
Chandler,Donaway,Texas A&M University-Commerce,https://lionathletics.com/images/2025/8/13/56_DONAWAY_Chandler.jpg?width=146,https://lionathletics.com/sports/football/roster/chandler-donaway/6784
Alejandro,Jacome,Wichita State University,https://goshockers.com/images/2025/9/9/Jacome_Alejandro.png?width=300,https://goshockers.com/sports/mens-tennis/roster/alejandro-jacome/9707
Mason,Kleinsmith,Roosevelt University,https://rooseveltlakers.com/images/2025/9/25/Mason_Kleinsmith_25-26.JPG?width=300,https://rooseveltlakers.com/sports/mens-basketball/roster/mason-kleinsmith/5085
Mia,Cheatham,Talladega College,https://talladegatornadoes.com/images/2025/10/8/Mia_Cheatham.jpg?width=300,https://talladegatornadoes.com/sports/womens-basketball/roster/mia-cheatham/2433
Julia,Walaszek,Joliet Junior College,https://jjcwolves.com/images/2025/8/28/2_-_nalaszek__julia.jpg?width=300,https://jjcwolves.com/sports/womens-volleyball/roster/julia-walaszek/2456
Jazmyn,Wajd,Howard University,https://hubison.com/images/2025/1/2/Wajd_Jazmyn.jpg?width=300,https://hubison.com/sports/womens-track-and-field/roster/jazmyn-wajd/9360
Saylor,Wharff,Ohio University,https://ohiobobcats.com/images/2025/9/13/Saylor_Wharff.JPG?width=300,https://ohiobobcats.com/sports/wgolf/roster/saylor-wharff/5766
Majesty,Lewis,Concordia University Chicago,https://www.cucougars.com/images/2025/1/29/Wyzdom_Gary_Updated.jpg?width=40,https://www.cucougars.com/sports/stunt/roster/majesty-lewis/10271
Ava,Rajala,Liberty University,https://images.sidearmdev.com/resize?url=https%3A%2F%2Fdxbhsrqyrr690.cloudfront.net%2Fsidearm.nextgen.sites%2Flibertyuni.sidearmsports.com%2Fimages%2F2024%2F5%2F24%2F20240404_0303MD.jpg&height=300&type=webp,https://libertyflames.com/sports/womens-lacrosse/roster/ava-rajala/16337
Isabel,Seifert,University of Richmond,https://images.sidearmdev.com/resize?url=https%3A%2F%2Fdxbhsrqyrr690.cloudfront.net%2Fsidearm.nextgen.sites%2Frichmond.sidearmsports.com%2Fimages%2F2025%2F9%2F16%2FIMG_0302.jpg&height=300&type=webp,https://richmondspiders.com/sports/womens-soccer/roster/isabel-seifert/7745
Mitchel,Szymczak,University of Akron,https://ss-dummy-data.s3.us-east-1.amazonaws.com/images/person-default.png,https://gozips.com/sports/baseball/roster/mitchel-szymczak/9866
McKinnon,Howard,Troy University,https://images.sidearmdev.com/crop?url=https%3A%2F%2Fdxbhsrqyrr690.cloudfront.net%2Fsidearm.nextgen.sites%2Ftroytrojans.com%2Fimages%2F2025%2F8%2F12%2FHoward_McKinnon_2026_Headshot.png&width=100&height=100&type=webp,https://troytrojans.com/sports/softball/roster/mckinnon-howard/11764
Jayden,Anderson,Concordia University Wisconsin,https://cuwfalcons.com/images/2026/1/8/Anderson__J..JPG?width=300,https://cuwfalcons.com/sports/wrestling/roster/jayden-anderson/13686
Michael,Boucher,Winthrop University,https://images.sidearmdev.com/convert?url=https%3a%2f%2fdxbhsrqyrr690.cloudfront.net%2fsidearm.nextgen.sites%2fwinthropeagles.com%2fimages%2f2025%2f3%2f13%2fMichael_Boucher-2.jpg&type=webp,https://winthropeagles.com/sports/mens-track-and-field/roster/michael-boucher/7955
Cody,Templeton,Stephen F. Austin State University,https://images.sidearmdev.com/crop?url=https%3A%2F%2Fdxbhsrqyrr690.cloudfront.net%2Fsidearm.nextgen.sites%2Fsfajacks.com%2Fimages%2F2025%2F10%2F14%2FCody_Templeton_YPQiN.jpg&width=180&height=270&type=webp,https://sfajacks.com/sports/baseball/roster/cody-templeton/7836
Juliana,Lupercio,University of Missouri-Kansas City,https://images.sidearmdev.com/crop?url=https%3A%2F%2Fdxbhsrqyrr690.cloudfront.net%2Fsidearm.nextgen.sites%2Fumkckangaroos.com%2Fimages%2F2025%2F10%2F21%2FJulianna_Lupercio.jpg&width=180&height=270&type=webp,https://kcroos.com/sports/track-and-field/roster/juliana-lupercio/5001
Ella,Luegge,Central Michigan University,https://images.sidearmdev.com/crop?url=https%3A%2F%2Fdxbhsrqyrr690.cloudfront.net%2Fsidearm.nextgen.sites%2Fcmuchippewas.com%2Fimages%2F2025%2F9%2F9%2Fluegge_ella_sb_JPR_3463.jpg&width=180&height=270&type=webp,https://cmuchippewas.com/sports/softball/roster/ella-luegge/6906
Andy,Yang,California Baptist University,https://images.sidearmdev.com/resize?url=https%3A%2F%2Fdxbhsrqyrr690.cloudfront.net%2Fsidearm.nextgen.sites%2Fcalbaptist.sidearmsports.com%2Fimages%2F2025%2F2%2F4%2FDSC04681.jpg&height=300&type=webp,https://cbulancers.com/sports/mens-golf/roster/andy-yang/10935
Molly,Cravens,Stephen F. Austin State University,https://images.sidearmdev.com/crop?url=https%3A%2F%2Fdxbhsrqyrr690.cloudfront.net%2Fsidearm.nextgen.sites%2Fsfajacks.com%2Fimages%2F2025%2F8%2F6%2FMolly_Cravens_Cropped.png&width=180&height=270&type=webp,https://sfajacks.com/sports/womens-volleyball/roster/molly-cravens/7606
Hailey,Holtz,Iowa State University,https://images.sidearmdev.com/resize?url=https%3A%2F%2Fdxbhsrqyrr690.cloudfront.net%2Fsidearm.nextgen.sites%2Fisuni.sidearmsports.com%2Fimages%2F2025%2F9%2F22%2FHailey_Holtz_20250920_SB_KCC_019_xSQ0j.jpg&height=300&type=webp,https://cyclones.com/sports/softball/roster/hailey-holtz/13945
Lucas,Shaver,Lander University,https://landerbearcats.com/images/2025/2/6/Max_Porterfield_Headshot.png?width=40,https://landerbearcats.com/sports/mens-lacrosse/roster/lucas-shaver/9143
Brayden,Evans,Lamar University,https://lamarcardinals.com/images/2026/1/6/_26_Brayden_Evans.jpg?width=300,https://lamarcardinals.com/sports/baseball/roster/brayden-evans/27136
Nathan,Natoli,Bucknell University,https://images.sidearmdev.com/crop?url=https%3A%2F%2Fdxbhsrqyrr690.cloudfront.net%2Fsidearm.nextgen.sites%2Fbucknellbison.com%2Fimages%2F2025%2F8%2F19%2FNatoli_Nathan__1__rD818.jpg&width=100&height=100&type=webp,https://bucknellbison.com/sports/football/roster/nathan-natoli/12300
Jade,Reese,Winthrop University,https://images.sidearmdev.com/convert?url=https%3a%2f%2fdxbhsrqyrr690.cloudfront.net%2fsidearm.nextgen.sites%2fwinthropeagles.com%2fimages%2f2025%2f3%2f28%2fJade_Reese_1.jpg&type=webp,https://winthropeagles.com/sports/womens-track-and-field/roster/jade-reese/7989
Abbey,Debevec,Kent State University,https://images.sidearmdev.com/crop?url=https%3A%2F%2Fdxbhsrqyrr690.cloudfront.net%2Fsidearm.nextgen.sites%2Fkentstatesports.com%2Fimages%2F2025%2F8%2F4%2F18_Abbey_Debevec.JPG&width=180&height=270&type=webp,https://kentstatesports.com/sports/womens-volleyball/roster/abbey-debevec/15123
TJ,Williams,Eastern Michigan University,https://images.sidearmdev.com/crop?url=https%3A%2F%2Fdxbhsrqyrr690.cloudfront.net%2Fsidearm.nextgen.sites%2Femueagles.com%2Fimages%2F2025%2F12%2F2%2F2_TJ__Williams.png&width=180&height=270&type=webp,https://emueagles.com/sports/baseball/roster/tj-williams/17363
Saul,Rios,Bowling Green State University,https://images.sidearmdev.com/resize?url=https%3A%2F%2Fdxbhsrqyrr690.cloudfront.net%2Fsidearm.nextgen.sites%2Fbgsufalcons.com%2Fimages%2F2025%2F10%2F3%2FRios_Saul_5150_092025DrakeHarlett.jpg&height=300&type=webp,https://bgsufalcons.com/sports/mens-soccer/roster/saul-rios/19453
Fabian,Ramirez,Lamar University,https://lamarcardinals.com/images/2026/1/6/_32_Fabian_Ramirez.jpg?width=300,https://lamarcardinals.com/sports/baseball/roster/fabian-ramirez/27140
Matthew,Thissell,Davidson College,https://images.sidearmdev.com/crop?url=https%3A%2F%2Fdxbhsrqyrr690.cloudfront.net%2Fsidearm.nextgen.sites%2Fdavidsonwildcats.com%2Fimages%2F2025%2F8%2F26%2F13-Matthew_Thissell.jpg&width=180&height=270&type=webp,https://davidsonwildcats.com/sports/mens-soccer/roster/matthew-thissell/11227
Matthew,Scott,Lamar University,https://lamarcardinals.com/images/2026/1/6/_40_Matthew_Scott.jpg?width=300,https://lamarcardinals.com/sports/baseball/roster/matthew-scott/27146
Kyanna,Creecy,Stephen F. Austin State University,https://images.sidearmdev.com/crop?url=https%3A%2F%2Fdxbhsrqyrr690.cloudfront.net%2Fsidearm.nextgen.sites%2Fsfajacks.com%2Fimages%2F2025%2F8%2F6%2FKyanna_Creecy_Cropped.png&width=180&height=270&type=webp,https://sfajacks.com/sports/womens-volleyball/roster/kyanna-creecy/7607
Peyton,Stevenson,Rice University,https://images.sidearmdev.com/resize?url=https%3A%2F%2Fdxbhsrqyrr690.cloudfront.net%2Fsidearm.nextgen.sites%2Friceowls.com%2Fimages%2F2025%2F9%2F28%2FRICE_092725ca-35.jpg&height=300&type=webp,https://riceowls.com/sports/football/roster/peyton-stevenson/10244
William,Kemper,University of Indianapolis,https://athletics.uindy.edu/images/2025/2/6/Adams__Bryson.jpg?width=40,https://athletics.uindy.edu/sports/track-and-field/roster/william-kemper/16045
Clarens,Dollin,University of Washington,https://images.sidearmdev.com/crop?url=https%3A%2F%2Fdxbhsrqyrr690.cloudfront.net%2Fsidearm.nextgen.sites%2Fwashington.sidearmsports.com%2Fimages%2F2025%2F8%2F8%2F8_-Dollin_-Clarens_UW_MSOC_Headshots-73.png&width=100&height=100&type=webp,https://gohuskies.com/sports/mens-soccer/roster/clarens-dollin/17119
Jason,Harris,Ball State University,https://images.sidearmdev.com/crop?url=https%3A%2F%2Fdxbhsrqyrr690.cloudfront.net%2Fsidearm.nextgen.sites%2Fbsu.sidearmsports.com%2Fimages%2F2025%2F10%2F27%2FHarris__Jason.png&width=180&height=270&type=webp,https://ballstatesports.com/sports/mens-volleyball/roster/jason-harris/13118
Preston,Zumwalt,University of Toledo,https://images.sidearmdev.com/crop?url=https%3A%2F%2Fdxbhsrqyrr690.cloudfront.net%2Fsidearm.nextgen.sites%2Futrockets.com%2Fimages%2F2025%2F12%2F15%2FPreston_Zumwalt_cropped.jpg&width=100&height=100&type=webp,https://utrockets.com/sports/baseball/roster/preston-zumwalt/10276
Pablo,Lesarri,Stephen F. Austin State University,https://images.sidearmdev.com/crop?url=https%3A%2F%2Fdxbhsrqyrr690.cloudfront.net%2Fsidearm.nextgen.sites%2Fsfajacks.com%2Fimages%2F2025%2F10%2F10%2Fpalmisano_cxc_mediaday-277_0Q1Uh.jpg&width=180&height=270&type=webp,https://sfajacks.com/sports/mens-cross-country/roster/pablo-lesarri/7691
Kenny,Pierpoint,University of Washington,https://images.sidearmdev.com/crop?url=https%3A%2F%2Fdxbhsrqyrr690.cloudfront.net%2Fsidearm.nextgen.sites%2Fwashington.sidearmsports.com%2Fimages%2F2025%2F8%2F8%2F00_-Pierpoint_-Kenny_UW_MSOC_Headshots-33.png&width=100&height=100&type=webp,https://gohuskies.com/sports/mens-soccer/roster/kenny-pierpoint/17118
Jarett,Sabol,University of Southern California,https://images.sidearmdev.com/crop?url=https%3A%2F%2Fdxbhsrqyrr690.cloudfront.net%2Fsidearm.nextgen.sites%2Fusctrojans.com%2Fimages%2F2025%2F12%2F17%2FSabol__Jarett.jpg&width=180&height=270&type=webp,https://usctrojans.com/sports/baseball/roster/jarett-sabol/18011
Tinley,Lucas,Grand Canyon University,https://images.sidearmdev.com/crop?url=https%3A%2F%2Fdxbhsrqyrr690.cloudfront.net%2Fsidearm.nextgen.sites%2Fgculopes.com%2Fimages%2F2025%2F1%2F23%2FLucas25HS.png&width=100&height=100&type=webp,https://gculopes.com/sports/softball/roster/tinley-lucas/14321
Jamir,Ford,University of Northern Colorado,https://ss-dummy-data.s3.us-east-1.amazonaws.com/images/person-default.png,https://uncbears.com/sports/football/roster/jamir-ford/12078
Rilyn,Rintoul,Kansas State University,https://images.sidearmdev.com/crop?url=https%3A%2F%2Fdxbhsrqyrr690.cloudfront.net%2Fsidearm.nextgen.sites%2Fkstate.sidearmsports.com%2Fimages%2F2025%2F7%2F10%2FRintoul_Rilyn_6_web.png&width=100&height=100&type=webp,https://www.kstatesports.com/sports/womens-soccer/roster/rilyn-rintoul/12947
Tyah,Charlton,University of Georgia,https://images.sidearmdev.com/crop?url=https%3A%2F%2Fdxbhsrqyrr690.cloudfront.net%2Fsidearm.nextgen.sites%2Fgeorgiadogs.com%2Fimages%2F2025%2F9%2F30%2FCharlton__Tyah_XSv6I.png&width=180&height=270&type=webp,https://georgiadogs.com/sports/softball/roster/tyah-charlton/9858
Murphy,Brooks,University of Louisiana at Lafayette,https://images.sidearmdev.com/resize?url=https%3A%2F%2Fdxbhsrqyrr690.cloudfront.net%2Fsidearm.nextgen.sites%2Fragincajuns.com%2Fimages%2F2024%2F6%2F24%2F224_BSB___Texas_A_M__NCAA_Regional__20240602_A2_86NG4.jpg&height=300&type=webp,https://ragincajuns.com/sports/baseball/roster/murphy-brooks/10327
Ava,Carroll,University of Washington,https://images.sidearmdev.com/crop?url=https%3A%2F%2Fdxbhsrqyrr690.cloudfront.net%2Fsidearm.nextgen.sites%2Fwashington.sidearmsports.com%2Fimages%2F2025%2F9%2F30%2FAva_Carroll.jpg&width=100&height=100&type=webp,https://gohuskies.com/sports/softball/roster/ava-carroll/17302
Jenna,Gober,University of Toledo,https://images.sidearmdev.com/crop?url=https%3A%2F%2Fdxbhsrqyrr690.cloudfront.net%2Fsidearm.nextgen.sites%2Futrockets.com%2Fimages%2F2025%2F11%2F4%2FGober_c0OR5.JPG&width=100&height=100&type=webp,https://utrockets.com/sports/softball/roster/jenna-gober/10388
Blane,Cleaver,Bowling Green State University,https://images.sidearmdev.com/resize?url=https%3A%2F%2Fdxbhsrqyrr690.cloudfront.net%2Fsidearm.nextgen.sites%2Fbgsufalcons.com%2Fimages%2F2025%2F6%2F4%2F20240921_vsTexasA_M_188.jpg&height=300&type=webp,https://bgsufalcons.com/sports/football/roster/blane-cleaver/19346
Macy,Walters,University of Akron,https://images.sidearmdev.com/crop?url=https%3A%2F%2Fdxbhsrqyrr690.cloudfront.net%2Fsidearm.nextgen.sites%2Fakron.sidearmsports.com%2Fimages%2F2025%2F1%2F6%2F99_Macy_Walters_HS_2025_WEB.jpg&width=180&height=270&type=webp,https://gozips.com/sports/softball/roster/macy-walters/9971
Sarah,Gordon,University of Georgia,https://images.sidearmdev.com/crop?url=https%3A%2F%2Fdxbhsrqyrr690.cloudfront.net%2Fsidearm.nextgen.sites%2Fgeorgiadogs.com%2Fimages%2F2025%2F9%2F30%2FGordon__w0ZIq.png&width=180&height=270&type=webp,https://georgiadogs.com/sports/softball/roster/sarah-gordon/9862
